{
  "project_info": {
    "project_number": "990277181265",
    "firebase_url": "https://firma-biometrica.firebaseio.com",
    "project_id": "firma-biometrica",
    "storage_bucket": "firma-biometrica.appspot.com"
  },
  "client": [
    {
      "client_info": {
        "mobilesdk_app_id": "1:990277181265:android:6c052d151212bc08e7fd70",
        "android_client_info": {
          "package_name": "com.example.conexionfirebase"
        }
      },
      "oauth_client": [
        {
          "client_id": "990277181265-5sqhj1qolbsc00hibr3n92p7kp94h6t8.apps.googleusercontent.com",
          "client_type": 1,
          "android_info": {
            "package_name": "com.example.conexionfirebase",
            "certificate_hash": "629402dc5da9ea81d6f8432f7c3d6a6a61d7ecd3"
          }
        },
        {
          "client_id": "990277181265-l1dv7ci5mamvh9d94bdu9gn3pl3q9o6g.apps.googleusercontent.com",
          "client_type": 3
        }
      ],
      "api_key": [
        {
          "current_key": "AIzaSyCv8jBUIueNHzKCIZ5aM8jslDFCtP31pxQ"
        }
      ],
      "services": {
        "appinvite_service": {
          "other_platform_oauth_client": [
            {
              "client_id": "990277181265-l1dv7ci5mamvh9d94bdu9gn3pl3q9o6g.apps.googleusercontent.com",
              "client_type": 3
            }
          ]
        }
      }
    },
    {
      "client_info": {
        "mobilesdk_app_id": "1:990277181265:android:2c48fdac531664ace7fd70",
        "android_client_info": {
          "package_name": "com.example.reg"
        }
      },
      "oauth_client": [
        {
          "client_id": "990277181265-l1dv7ci5mamvh9d94bdu9gn3pl3q9o6g.apps.googleusercontent.com",
          "client_type": 3
        }
      ],
      "api_key": [
        {
          "current_key": "AIzaSyCv8jBUIueNHzKCIZ5aM8jslDFCtP31pxQ"
        }
      ],
      "services": {
        "appinvite_service": {
          "other_platform_oauth_client": [
            {
              "client_id": "990277181265-l1dv7ci5mamvh9d94bdu9gn3pl3q9o6g.apps.googleusercontent.com",
              "client_type": 3
            }
          ]
        }
      }
    },
    {
      "client_info": {
        "mobilesdk_app_id": "1:990277181265:android:bffd943b6d4a6429e7fd70",
        "android_client_info": {
          "package_name": "espe.edu.ec.myapplication"
        }
      },
      "oauth_client": [
        {
          "client_id": "990277181265-e4dum758jo2jnba67vqtub0p514fkjhb.apps.googleusercontent.com",
          "client_type": 1,
          "android_info": {
            "package_name": "espe.edu.ec.myapplication",
            "certificate_hash": "629402dc5da9ea81d6f8432f7c3d6a6a61d7ecd3"
          }
        },
        {
          "client_id": "990277181265-l1dv7ci5mamvh9d94bdu9gn3pl3q9o6g.apps.googleusercontent.com",
          "client_type": 3
        }
      ],
      "api_key": [
        {
          "current_key": "AIzaSyCv8jBUIueNHzKCIZ5aM8jslDFCtP31pxQ"
        }
      ],
      "services": {
        "appinvite_service": {
          "other_platform_oauth_client": [
            {
              "client_id": "990277181265-l1dv7ci5mamvh9d94bdu9gn3pl3q9o6g.apps.googleusercontent.com",
              "client_type": 3
            }
          ]
        }
      }
    },
    {
      "client_info": {
        "mobilesdk_app_id": "1:990277181265:android:f580a6ffb0933826e7fd70",
        "android_client_info": {
          "package_name": "espe.edu.ec.projectotp"
        }
      },
      "oauth_client": [
        {
          "client_id": "990277181265-s70m1t974kbi9g7o1e90hkl5qkgl38pt.apps.googleusercontent.com",
          "client_type": 1,
          "android_info": {
            "package_name": "espe.edu.ec.projectotp",
            "certificate_hash": "629402dc5da9ea81d6f8432f7c3d6a6a61d7ecd3"
          }
        },
        {
          "client_id": "990277181265-l1dv7ci5mamvh9d94bdu9gn3pl3q9o6g.apps.googleusercontent.com",
          "client_type": 3
        }
      ],
      "api_key": [
        {
          "current_key": "AIzaSyCv8jBUIueNHzKCIZ5aM8jslDFCtP31pxQ"
        }
      ],
      "services": {
        "appinvite_service": {
          "other_platform_oauth_client": [
            {
              "client_id": "990277181265-l1dv7ci5mamvh9d94bdu9gn3pl3q9o6g.apps.googleusercontent.com",
              "client_type": 3
            }
          ]
        }
      }
    }
  ],
  "configuration_version": "1"
}