{
  "project_info": {
    "project_number": "339119323986",
    "firebase_url": "https://imagenes-4aa8e.firebaseio.com",
    "project_id": "imagenes-4aa8e",
    "storage_bucket": "imagenes-4aa8e.appspot.com"
  },
  "client": [
    {
      "client_info": {
        "mobilesdk_app_id": "1:339119323986:android:5d367790431a8a2a26188b",
        "android_client_info": {
          "package_name": "com.example.imagenes"
        }
      },
      "oauth_client": [
        {
          "client_id": "339119323986-i9gl4qjv8uvpjr5f7f4f028aqj8m1ggp.apps.googleusercontent.com",
          "client_type": 3
        }
      ],
      "api_key": [
        {
          "current_key": "AIzaSyD5XZpoOiaUqZA_LpJ0nivl8_Li3xzQFw0"
        }
      ],
      "services": {
        "appinvite_service": {
          "other_platform_oauth_client": [
            {
              "client_id": "339119323986-i9gl4qjv8uvpjr5f7f4f028aqj8m1ggp.apps.googleusercontent.com",
              "client_type": 3
            }
          ]
        }
      }
    },
    {
      "client_info": {
        "mobilesdk_app_id": "1:339119323986:android:f7a67f5fe038a1b426188b",
        "android_client_info": {
          "package_name": "com.example.imagenjava"
        }
      },
      "oauth_client": [
        {
          "client_id": "339119323986-i9gl4qjv8uvpjr5f7f4f028aqj8m1ggp.apps.googleusercontent.com",
          "client_type": 3
        }
      ],
      "api_key": [
        {
          "current_key": "AIzaSyD5XZpoOiaUqZA_LpJ0nivl8_Li3xzQFw0"
        }
      ],
      "services": {
        "appinvite_service": {
          "other_platform_oauth_client": [
            {
              "client_id": "339119323986-i9gl4qjv8uvpjr5f7f4f028aqj8m1ggp.apps.googleusercontent.com",
              "client_type": 3
            }
          ]
        }
      }
    },
    {
      "client_info": {
        "mobilesdk_app_id": "1:339119323986:android:b72d668e6d8935aa26188b",
        "android_client_info": {
          "package_name": "espe.edu.ec.firmamanuscrita"
        }
      },
      "oauth_client": [
        {
          "client_id": "339119323986-i9gl4qjv8uvpjr5f7f4f028aqj8m1ggp.apps.googleusercontent.com",
          "client_type": 3
        }
      ],
      "api_key": [
        {
          "current_key": "AIzaSyD5XZpoOiaUqZA_LpJ0nivl8_Li3xzQFw0"
        }
      ],
      "services": {
        "appinvite_service": {
          "other_platform_oauth_client": [
            {
              "client_id": "339119323986-i9gl4qjv8uvpjr5f7f4f028aqj8m1ggp.apps.googleusercontent.com",
              "client_type": 3
            }
          ]
        }
      }
    }
  ],
  "configuration_version": "1"
}